{
    "rmse": 0.7281500027849483,
    "mae": 0.5867654643384591,
    "r2": 0.16374948433082115
}