{
    "rmse": 0.7774698643362118,
    "mae": 0.63893462494001,
    "r2": 0.046629266049857065
}