{
    "rmse": 0.7885980689059464,
    "mae": 0.649482059589748,
    "r2": 0.019142073462879217
}